ID_STG_OPR_ITT,VLR_CTRD_CSC,QTD_PCL,VLR_SDO_DDR,QTD_CLI_CAD_POS,QTD_OPR,ID_FNT_ITT,ID_MDL,DES_TIP_PSS,DAT_RSS_FNT_ITT,DAT_INC_DBO,QTD_OPR 
1,nan,45,nan,341,358,67,A04,F,2020-01-16,2020-01-27 10:49:48.15,358
2,nan,63,nan,103,108,67,B99,F,2020-01-16,2020-01-27 10:49:48.15,108
3,nan,22,nan,15,16,67,B05,F,2020-01-16,2020-01-27 10:49:48.15,16
4,nan,48,nan,9,9,67,B03,F,2020-01-16,2020-01-27 10:49:48.15,9
5,nan,290,nan,3,3,67,B03,F,2020-01-16,2020-01-27 10:49:48.15,3
6,nan,109,nan,1,1,67,B99,F,2020-01-16,2020-01-27 10:49:48.15,1
7,24231168.0,20,14774641.0,6,7,67,C01,F,2020-01-16,2020-01-27 10:49:48.15,7
8,nan,59,nan,235,253,67,A04,F,2020-01-16,2020-01-27 10:49:48.15,253
9,nan,38,nan,14,14,67,B05,F,2020-01-16,2020-01-27 10:49:48.15,14
10,nan,117,nan,4,4,67,A01,F,2020-01-16,2020-01-27 10:49:48.15,4
11,nan,332,nan,1,1,67,B03,F,2020-01-16,2020-01-27 10:49:48.15,1
12,nan,53,nan,7,7,67,B05,F,2020-01-16,2020-01-27 10:49:48.15,7
13,nan,13,nan,141,143,67,A99,F,2020-01-16,2020-01-27 10:49:48.15,143
14,nan,250,nan,12,12,67,B03,F,2020-01-16,2020-01-27 10:49:48.15,12
15,83720000.0,158,61146076.0,4,4,67,C01,F,2020-01-16,2020-01-27 10:49:48.15,4
16,nan,319,nan,2,2,67,B03,F,2020-01-16,2020-01-27 10:49:48.15,2
17,nan,162,nan,1,1,67,B03,F,2020-01-16,2020-01-27 10:49:48.15,1
18,nan,17,nan,1,1,67,B01,F,2020-01-16,2020-01-27 10:49:48.15,1
19,453409414.0,82,345569291.0,86,93,67,C01,F,2020-01-16,2020-01-27 10:49:48.15,93
20,831887355.0,70,387293236.0,150,171,67,C01,F,2020-01-16,2020-01-27 10:49:48.15,171
21,nan,90,nan,12,15,67,B99,F,2020-01-16,2020-01-27 10:49:48.15,15
22,nan,220,nan,8,8,67,B03,F,2020-01-16,2020-01-27 10:49:48.15,8
23,168720000.0,117,47151818.0,10,10,67,C01,F,2020-01-16,2020-01-27 10:49:48.15,10
24,nan,8,nan,362,373,67,A99,F,2020-01-16,2020-01-27 10:49:48.15,373
25,nan,120,nan,117,119,67,A04,F,2020-01-16,2020-01-27 10:49:48.15,119
26,nan,263,nan,2,2,67,B03,F,2020-01-16,2020-01-27 10:49:48.15,2
27,nan,99,nan,2,2,67,B03,F,2020-01-16,2020-01-27 10:49:48.15,2
28,nan,85,nan,1,1,67,A04,F,2020-01-16,2020-01-27 10:49:48.15,1
29,nan,108,nan,4,4,67,B03,F,2020-01-16,2020-01-27 10:49:48.15,4
30,nan,246,nan,2,2,67,B03,F,2020-01-16,2020-01-27 10:49:48.15,2
31,nan,110,nan,3,5,67,A01,F,2020-01-16,2020-01-27 10:49:48.15,5
32,32232454.0,18,17549307.0,4,9,67,C01,F,2020-01-16,2020-01-27 10:49:48.15,9
33,nan,24,nan,816,834,67,A05,F,2020-01-16,2020-01-27 10:49:48.15,834
34,nan,68,nan,120,124,67,B99,F,2020-01-16,2020-01-27 10:49:48.15,124
35,576095264.0,63,303150068.0,121,133,67,C01,F,2020-01-16,2020-01-27 10:49:48.15,133
36,nan,10,nan,584,619,67,A01,F,2020-01-16,2020-01-27 10:49:48.15,619
37,nan,12,nan,187,188,67,A99,F,2020-01-16,2020-01-27 10:49:48.15,188
38,528879411.0,55,247015482.0,121,130,67,C01,F,2020-01-16,2020-01-27 10:49:48.15,130
39,495312777.0,53,241139067.0,108,124,67,C01,F,2020-01-16,2020-01-27 10:49:48.15,124
40,nan,35,nan,701,719,67,B99,F,2020-01-16,2020-01-27 10:49:48.15,719
41,nan,57,nan,156,171,67,B99,F,2020-01-16,2020-01-27 10:49:48.15,171
42,nan,172,nan,1,1,67,A04,F,2020-01-16,2020-01-27 10:49:48.15,1
43,nan,78,nan,1,1,67,A04,F,2020-01-16,2020-01-27 10:49:48.15,1
44,6708421243.0,84,5932713631.0,1478,1572,67,C01,F,2020-01-16,2020-01-27 10:49:48.15,1572
45,nan,24,nan,2615,2754,67,A01,F,2020-01-16,2020-01-27 10:49:48.15,2754
46,nan,40,nan,256,273,67,B99,F,2020-01-16,2020-01-27 10:49:48.15,273
47,nan,62,nan,91,100,67,B99,F,2020-01-16,2020-01-27 10:49:48.15,100
48,832905587.0,64,365672775.0,170,194,67,C01,F,2020-01-16,2020-01-27 10:49:48.15,194
49,210263168.0,92,85101641.0,18,20,67,C01,F,2020-01-16,2020-01-27 10:49:48.15,20
50,nan,14,nan,123,128,67,A01,F,2020-01-16,2020-01-27 10:49:48.15,128
51,nan,11,nan,266,272,67,A99,F,2020-01-16,2020-01-27 10:49:48.15,272
52,nan,83,nan,8,8,67,B99,F,2020-01-16,2020-01-27 10:49:48.15,8
53,nan,352,nan,2,2,67,B03,F,2020-01-16,2020-01-27 10:49:48.15,2
54,nan,5,nan,113,113,67,A01,F,2020-01-16,2020-01-27 10:49:48.15,113
55,nan,9,nan,66,67,67,A01,F,2020-01-16,2020-01-27 10:49:48.15,67
56,112005000.0,191,64638600.0,6,7,67,C01,F,2020-01-16,2020-01-27 10:49:48.15,7
57,nan,68,nan,527,611,67,A01,F,2020-01-16,2020-01-27 10:49:48.15,611
58,nan,72,nan,207,224,67,B99,F,2020-01-16,2020-01-27 10:49:48.15,224
59,nan,15,nan,24,25,67,B05,F,2020-01-16,2020-01-27 10:49:48.15,25
60,nan,21,nan,12,12,67,B05,F,2020-01-16,2020-01-27 10:49:48.15,12
61,nan,51,nan,142,152,67,A04,F,2020-01-16,2020-01-27 10:49:48.15,152
62,nan,93,nan,1,1,67,A04,F,2020-01-16,2020-01-27 10:49:48.15,1
63,nan,284,nan,1,1,67,B03,F,2020-01-16,2020-01-27 10:49:48.15,1
64,501840153.0,50,250849962.0,104,123,67,C01,F,2020-01-16,2020-01-27 10:49:48.15,123
65,100304799.0,30,41771922.0,24,27,67,C01,F,2020-01-16,2020-01-27 10:49:48.15,27
66,nan,56,nan,152,172,67,A04,F,2020-01-16,2020-01-27 10:49:48.15,172
67,nan,69,nan,532,628,67,A01,F,2020-01-16,2020-01-27 10:49:48.15,628
68,nan,170,nan,3,3,67,A04,F,2020-01-16,2020-01-27 10:49:48.15,3
69,nan,18,nan,589,594,67,B05,F,2020-01-16,2020-01-27 10:49:48.15,594
70,nan,67,nan,168,219,67,A04,F,2020-01-16,2020-01-27 10:49:48.15,219
71,nan,46,nan,225,235,67,A04,F,2020-01-16,2020-01-27 10:49:48.15,235
72,nan,88,nan,1,1,67,A04,F,2020-01-16,2020-01-27 10:49:48.15,1
73,nan,267,nan,1,1,67,B03,F,2020-01-16,2020-01-27 10:49:48.15,1
74,nan,331,nan,3,3,67,B03,F,2020-01-16,2020-01-27 10:49:48.15,3
75,nan,164,nan,1,1,67,B03,F,2020-01-16,2020-01-27 10:49:48.15,1
76,185373758.0,37,73014298.0,40,49,67,C01,F,2020-01-16,2020-01-27 10:49:48.15,49
77,87190000.0,160,42605744.0,5,6,67,C01,F,2020-01-16,2020-01-27 10:49:48.15,6
78,nan,14,nan,1047,1084,67,B99,F,2020-01-16,2020-01-27 10:49:48.15,1084
79,nan,23,nan,110,118,67,A01,F,2020-01-16,2020-01-27 10:49:48.15,118
80,nan,66,nan,691,822,67,A01,F,2020-01-16,2020-01-27 10:49:48.15,822
81,nan,2,nan,53,57,67,A01,F,2020-01-16,2020-01-27 10:49:48.15,57
82,nan,134,nan,1,1,67,A01,F,2020-01-16,2020-01-27 10:49:48.15,1
83,nan,232,nan,2,2,67,B03,F,2020-01-16,2020-01-27 10:49:48.15,2
84,nan,259,nan,4,4,67,B03,F,2020-01-16,2020-01-27 10:49:48.15,4
85,219317484.0,46,97030218.0,44,50,67,C01,F,2020-01-16,2020-01-27 10:49:48.15,50
86,nan,6,nan,28322,33636,67,A04,F,2020-01-16,2020-01-27 10:49:48.15,33636
87,nan,6,nan,395,634,67,B01,F,2020-01-16,2020-01-27 10:49:48.15,634
88,nan,80,nan,3,3,67,B03,F,2020-01-16,2020-01-27 10:49:48.15,3
89,nan,324,nan,1,1,67,B03,F,2020-01-16,2020-01-27 10:49:48.15,1
90,98580000.0,124,44417586.0,6,7,67,C01,F,2020-01-16,2020-01-27 10:49:48.15,7
91,nan,115,nan,6,8,67,A01,F,2020-01-16,2020-01-27 10:49:48.15,8
92,nan,160,nan,1,1,67,A04,F,2020-01-16,2020-01-27 10:49:48.15,1
93,nan,261,nan,2,2,67,B03,F,2020-01-16,2020-01-27 10:49:48.15,2
94,nan,23,nan,2,2,67,A05,F,2020-01-16,2020-01-27 10:49:48.15,2
95,nan,308,nan,1,1,67,B03,F,2020-01-16,2020-01-27 10:49:48.15,1
96,nan,7,nan,430,438,67,A99,F,2020-01-16,2020-01-27 10:49:48.15,438
97,nan,333,nan,2,2,67,B03,F,2020-01-16,2020-01-27 10:49:48.15,2
98,nan,181,nan,1,1,67,B03,F,2020-01-16,2020-01-27 10:49:48.15,1
99,nan,24,nan,2,2,67,B03,F,2020-01-16,2020-01-27 10:49:48.15,2
100,nan,100,nan,1,1,67,A01,F,2020-01-16,2020-01-27 10:49:48.15,1
101,nan,34,nan,159,161,67,A01,F,2020-01-16,2020-01-27 10:49:48.15,161
102,nan,19,nan,457,470,67,B99,F,2020-01-16,2020-01-27 10:49:48.15,470
103,nan,312,nan,4,4,67,B03,F,2020-01-16,2020-01-27 10:49:48.15,4
104,nan,156,nan,3,3,67,B03,F,2020-01-16,2020-01-27 10:49:48.15,3
105,nan,341,nan,3,3,67,B03,F,2020-01-16,2020-01-27 10:49:48.15,3
106,nan,62,nan,3,3,67,B05,F,2020-01-16,2020-01-27 10:49:48.15,3
107,nan,248,nan,1,1,67,B03,F,2020-01-16,2020-01-27 10:49:48.15,1
108,71855000.0,161,50496895.0,5,5,67,C01,F,2020-01-16,2020-01-27 10:49:48.15,5
109,215600000.0,154,142200674.0,3,14,67,C01,F,2020-01-16,2020-01-27 10:49:48.15,14
110,nan,36,nan,7196,7357,67,B05,F,2020-01-16,2020-01-27 10:49:48.15,7357
111,nan,26,nan,224,233,67,B99,F,2020-01-16,2020-01-27 10:49:48.15,233
112,nan,14,nan,10,10,67,B05,F,2020-01-16,2020-01-27 10:49:48.15,10
113,nan,318,nan,3,3,67,B03,F,2020-01-16,2020-01-27 10:49:48.15,3
114,640162138.0,76,486123421.0,118,126,67,C01,F,2020-01-16,2020-01-27 10:49:48.15,126
115,238085736.0,94,100766735.0,19,20,67,C01,F,2020-01-16,2020-01-27 10:49:48.15,20
116,nan,9,nan,2419,2500,67,A04,F,2020-01-16,2020-01-27 10:49:48.15,2500
117,nan,55,nan,652,709,67,A01,F,2020-01-16,2020-01-27 10:49:48.15,709
118,nan,18,nan,212,214,67,A05,F,2020-01-16,2020-01-27 10:49:48.15,214
119,nan,66,nan,115,128,67,B99,F,2020-01-16,2020-01-27 10:49:48.15,128
120,nan,65,nan,101,105,67,B99,F,2020-01-16,2020-01-27 10:49:48.15,105
121,nan,101,nan,1,1,67,B03,F,2020-01-16,2020-01-27 10:49:48.15,1
122,nan,282,nan,1,1,67,B03,F,2020-01-16,2020-01-27 10:49:48.15,1
123,49800000.0,115,8972172.0,5,6,67,C01,F,2020-01-16,2020-01-27 10:49:48.15,6
124,193720000.0,136,49314041.0,13,14,67,C01,F,2020-01-16,2020-01-27 10:49:48.15,14
125,nan,274,nan,1,1,67,B03,F,2020-01-16,2020-01-27 10:49:48.15,1
126,622308846.0,52,300776070.0,109,140,67,C01,F,2020-01-16,2020-01-27 10:49:48.15,140
127,nan,50,nan,449,476,67,A01,F,2020-01-16,2020-01-27 10:49:48.15,476
128,nan,174,nan,1,1,67,B03,F,2020-01-16,2020-01-27 10:49:48.15,1
129,nan,25,nan,2,2,67,A99,F,2020-01-16,2020-01-27 10:49:48.15,2
130,120410000.0,134,64562028.0,9,14,67,C01,F,2020-01-16,2020-01-27 10:49:48.15,14
131,189262470.0,104,48009094.0,12,12,67,C01,F,2020-01-16,2020-01-27 10:49:48.15,12
132,nan,58,nan,349,408,67,A04,F,2020-01-16,2020-01-27 10:49:48.15,408
133,nan,147,nan,1,1,67,B03,F,2020-01-16,2020-01-27 10:49:48.15,1
134,nan,79,nan,1,1,67,A04,F,2020-01-16,2020-01-27 10:49:48.15,1
135,104989494.0,25,56013999.0,28,30,67,C01,F,2020-01-16,2020-01-27 10:49:48.15,30
136,nan,47,nan,379,405,67,A01,F,2020-01-16,2020-01-27 10:49:48.15,405
137,nan,43,nan,129,138,67,A04,F,2020-01-16,2020-01-27 10:49:48.15,138
138,nan,14,nan,7,8,67,B01,F,2020-01-16,2020-01-27 10:49:48.15,8
139,477875938.0,78,341986095.0,77,87,67,C01,F,2020-01-16,2020-01-27 10:49:48.15,87
140,nan,28,nan,880,947,67,A04,F,2020-01-16,2020-01-27 10:49:48.15,947
141,nan,188,nan,1,1,67,B03,F,2020-01-16,2020-01-27 10:49:48.15,1
142,nan,93,nan,5,5,67,B99,F,2020-01-16,2020-01-27 10:49:48.15,5
143,nan,108,nan,2,8,67,A01,F,2020-01-16,2020-01-27 10:49:48.15,8
144,333750000.0,131,115030812.0,16,24,67,C01,F,2020-01-16,2020-01-27 10:49:48.15,24
145,59662071.0,35,16620648.0,11,13,67,C01,F,2020-01-16,2020-01-27 10:49:48.15,13
146,nan,300,nan,269,269,67,B03,F,2020-01-16,2020-01-27 10:49:48.15,269
147,nan,84,nan,101,132,67,A04,F,2020-01-16,2020-01-27 10:49:48.15,132
148,nan,19,nan,3,3,67,A05,F,2020-01-16,2020-01-27 10:49:48.15,3
149,nan,82,nan,2,2,67,A04,F,2020-01-16,2020-01-27 10:49:48.15,2
150,nan,171,nan,1,1,67,B03,F,2020-01-16,2020-01-27 10:49:48.15,1
151,nan,85,nan,205,243,67,A01,F,2020-01-16,2020-01-27 10:49:48.15,243
152,nan,13,nan,8,8,67,B05,F,2020-01-16,2020-01-27 10:49:48.15,8
153,nan,34,nan,232,241,67,A04,F,2020-01-16,2020-01-27 10:49:48.15,241
154,nan,114,nan,5,15,67,A01,F,2020-01-16,2020-01-27 10:49:48.15,15
155,274155000.0,142,112552807.0,17,21,67,C01,F,2020-01-16,2020-01-27 10:49:48.15,21
156,nan,57,nan,564,649,67,A01,F,2020-01-16,2020-01-27 10:49:48.15,649
157,nan,49,nan,123,131,67,B99,F,2020-01-16,2020-01-27 10:49:48.15,131
158,nan,84,nan,1815,2469,67,A01,F,2020-01-16,2020-01-27 10:49:48.15,2469
159,nan,258,nan,1,1,67,B03,F,2020-01-16,2020-01-27 10:49:48.15,1
160,nan,239,nan,3,3,67,B03,F,2020-01-16,2020-01-27 10:49:48.15,3
161,nan,60,nan,309,331,67,B99,F,2020-01-16,2020-01-27 10:49:48.15,331
162,nan,340,nan,8,8,67,B03,F,2020-01-16,2020-01-27 10:49:48.15,8
163,nan,50,nan,323,347,67,A04,F,2020-01-16,2020-01-27 10:49:48.15,347
164,nan,303,nan,3,3,67,B03,F,2020-01-16,2020-01-27 10:49:48.15,3
165,202070000.0,165,146942161.0,9,10,67,C01,F,2020-01-16,2020-01-27 10:49:48.15,10
166,nan,166,nan,1,1,67,B03,F,2020-01-16,2020-01-27 10:49:48.15,1
167,nan,21,nan,17,17,67,A99,F,2020-01-16,2020-01-27 10:49:48.15,17
168,nan,56,nan,461,528,67,A01,F,2020-01-16,2020-01-27 10:49:48.15,528
169,nan,299,nan,2,2,67,B03,F,2020-01-16,2020-01-27 10:49:48.15,2
170,nan,120,nan,3,4,67,A01,F,2020-01-16,2020-01-27 10:49:48.15,4
171,nan,297,nan,2,2,67,B03,F,2020-01-16,2020-01-27 10:49:48.15,2
172,62300000.0,159,47743078.0,7,7,67,C01,F,2020-01-16,2020-01-27 10:49:48.15,7
173,nan,1,nan,8,8,67,B05,F,2020-01-16,2020-01-27 10:49:48.15,8
174,nan,216,nan,4,4,67,B03,F,2020-01-16,2020-01-27 10:49:48.15,4
175,480056500.0,56,233593825.0,112,119,67,C01,F,2020-01-16,2020-01-27 10:49:48.15,119
176,32210000.0,112,5486375.0,3,3,67,C01,F,2020-01-16,2020-01-27 10:49:48.15,3
177,185470157.0,86,52819667.0,11,14,67,C01,F,2020-01-16,2020-01-27 10:49:48.15,14
178,nan,86,nan,5,5,67,B99,F,2020-01-16,2020-01-27 10:49:48.15,5
179,nan,180,nan,16,17,67,A04,F,2020-01-16,2020-01-27 10:49:48.15,17
180,nan,120,nan,1,1,67,B99,F,2020-01-16,2020-01-27 10:49:48.15,1
181,651412368.0,61,322080328.0,130,145,67,C01,F,2020-01-16,2020-01-27 10:49:48.15,145
182,nan,2,nan,28047,36217,67,A04,F,2020-01-16,2020-01-27 10:49:48.15,36217
183,nan,175,nan,2,2,67,A04,F,2020-01-16,2020-01-27 10:49:48.15,2
184,nan,140,nan,1,1,67,A04,F,2020-01-16,2020-01-27 10:49:48.15,1
185,nan,37,nan,282,314,67,A01,F,2020-01-16,2020-01-27 10:49:48.15,314
186,nan,99,nan,1,2,67,A04,F,2020-01-16,2020-01-27 10:49:48.15,2
187,nan,51,nan,1,1,67,B05,F,2020-01-16,2020-01-27 10:49:48.15,1
188,nan,311,nan,1,1,67,B03,F,2020-01-16,2020-01-27 10:49:48.15,1
189,188210000.0,157,78246331.0,6,8,67,C01,F,2020-01-16,2020-01-27 10:49:48.15,8
190,nan,48,nan,730,805,67,B99,F,2020-01-16,2020-01-27 10:49:48.15,805
191,nan,99,nan,1,1,67,A01,F,2020-01-16,2020-01-27 10:49:48.15,1
192,nan,13,nan,1139,1153,67,B99,F,2020-01-16,2020-01-27 10:49:48.15,1153
193,nan,33,nan,350,378,67,B99,F,2020-01-16,2020-01-27 10:49:48.15,378
194,nan,37,nan,163,178,67,B99,F,2020-01-16,2020-01-27 10:49:48.15,178
195,nan,33,nan,158,168,67,A01,F,2020-01-16,2020-01-27 10:49:48.15,168
196,nan,54,nan,136,148,67,B99,F,2020-01-16,2020-01-27 10:49:48.15,148
197,nan,39,nan,226,247,67,A04,F,2020-01-16,2020-01-27 10:49:48.15,247
198,nan,128,nan,1,1,67,A01,F,2020-01-16,2020-01-27 10:49:48.15,1
199,nan,22,nan,146,153,67,A01,F,2020-01-16,2020-01-27 10:49:48.15,153
200,nan,66,nan,237,281,67,A04,F,2020-01-16,2020-01-27 10:49:48.15,281
201,nan,359,nan,9,9,67,B03,F,2020-01-16,2020-01-27 10:49:48.15,9
202,nan,254,nan,4,4,67,B03,F,2020-01-16,2020-01-27 10:49:48.15,4
203,272246575.0,40,102488463.0,64,69,67,C01,F,2020-01-16,2020-01-27 10:49:48.15,69
204,248229305.0,41,108171008.0,61,66,67,C01,F,2020-01-16,2020-01-27 10:49:48.15,66
205,nan,30,nan,1888,1996,67,A04,F,2020-01-16,2020-01-27 10:49:48.15,1996
206,nan,30,nan,526,550,67,A01,F,2020-01-16,2020-01-27 10:49:48.15,550
207,nan,71,nan,116,123,67,B99,F,2020-01-16,2020-01-27 10:49:48.15,123
208,nan,16,nan,12,13,67,B01,F,2020-01-16,2020-01-27 10:49:48.15,13
209,nan,9,nan,6,6,67,A05,F,2020-01-16,2020-01-27 10:49:48.15,6
210,nan,2,nan,3,3,67,B05,F,2020-01-16,2020-01-27 10:49:48.15,3
211,nan,130,nan,1,1,67,A04,F,2020-01-16,2020-01-27 10:49:48.15,1
212,72600000.0,151,27426863.0,3,3,67,C01,F,2020-01-16,2020-01-27 10:49:48.15,3
213,137950000.0,171,89174976.0,7,12,67,C01,F,2020-01-16,2020-01-27 10:49:48.15,12
214,nan,73,nan,9,9,67,A04,F,2020-01-16,2020-01-27 10:49:48.15,9
215,nan,10,nan,253,254,67,A99,F,2020-01-16,2020-01-27 10:49:48.15,254
216,nan,35,nan,13,13,67,B05,F,2020-01-16,2020-01-27 10:49:48.15,13
217,nan,142,nan,1,1,67,A01,F,2020-01-16,2020-01-27 10:49:48.15,1
218,nan,7,nan,6,6,67,B05,F,2020-01-16,2020-01-27 10:49:48.15,6
219,nan,48,nan,1,1,67,B07,F,2020-01-16,2020-01-27 10:49:48.15,1
220,nan,1,nan,4161,4929,67,B99,F,2020-01-16,2020-01-27 10:49:48.15,4929
221,nan,12,nan,460,469,67,B05,F,2020-01-16,2020-01-27 10:49:48.15,469
222,nan,56,nan,44,54,67,B05,F,2020-01-16,2020-01-27 10:49:48.15,54
223,nan,206,nan,2,2,67,B03,F,2020-01-16,2020-01-27 10:49:48.15,2
224,501456530.0,49,226266110.0,110,129,67,C01,F,2020-01-16,2020-01-27 10:49:48.15,129
225,nan,360,nan,2427,2454,67,B03,F,2020-01-16,2020-01-27 10:49:48.15,2454
226,nan,41,nan,239,250,67,B99,F,2020-01-16,2020-01-27 10:49:48.15,250
227,189325000.0,137,61565019.0,16,19,67,C01,F,2020-01-16,2020-01-27 10:49:48.15,19
228,nan,60,nan,2829,2930,67,B05,F,2020-01-16,2020-01-27 10:49:48.15,2930
229,nan,87,nan,133,155,67,A01,F,2020-01-16,2020-01-27 10:49:48.15,155
230,nan,85,nan,2,2,67,B03,F,2020-01-16,2020-01-27 10:49:48.15,2
231,nan,10,nan,9,10,67,B01,F,2020-01-16,2020-01-27 10:49:48.15,10
232,nan,221,nan,2,2,67,B03,F,2020-01-16,2020-01-27 10:49:48.15,2
233,nan,55,nan,1,1,67,B03,F,2020-01-16,2020-01-27 10:49:48.15,1
234,419326822.0,80,253477697.0,62,71,67,C01,F,2020-01-16,2020-01-27 10:49:48.15,71
235,nan,323,nan,6,6,67,B03,F,2020-01-16,2020-01-27 10:49:48.15,6
236,nan,301,nan,1,1,67,B03,F,2020-01-16,2020-01-27 10:49:48.15,1
237,nan,201,nan,1,1,67,B03,F,2020-01-16,2020-01-27 10:49:48.15,1
238,578567936.0,71,283819206.0,104,110,67,C01,F,2020-01-16,2020-01-27 10:49:48.15,110
239,nan,278,nan,3,3,67,B03,F,2020-01-16,2020-01-27 10:49:48.15,3
240,138670000.0,170,90470353.0,7,10,67,C01,F,2020-01-16,2020-01-27 10:49:48.15,10
241,nan,36,nan,8,8,67,B03,F,2020-01-16,2020-01-27 10:49:48.15,8
242,525848168.0,58,311631732.0,106,116,67,C01,F,2020-01-16,2020-01-27 10:49:48.15,116
243,nan,32,nan,182,190,67,A01,F,2020-01-16,2020-01-27 10:49:48.15,190
244,nan,11,nan,14,14,67,B05,F,2020-01-16,2020-01-27 10:49:48.15,14
245,306016391.0,88,147375219.0,12,22,67,C01,F,2020-01-16,2020-01-27 10:49:48.15,22
246,nan,33,nan,226,242,67,A04,F,2020-01-16,2020-01-27 10:49:48.15,242
247,nan,60,nan,23,27,67,B03,F,2020-01-16,2020-01-27 10:49:48.15,27
248,176656130.0,108,40815243.0,12,12,67,C01,F,2020-01-16,2020-01-27 10:49:48.15,12
249,205950000.0,153,86755758.0,5,8,67,C01,F,2020-01-16,2020-01-27 10:49:48.15,8
250,nan,21,nan,476,489,67,B99,F,2020-01-16,2020-01-27 10:49:48.15,489
251,nan,22,nan,7,8,67,A05,F,2020-01-16,2020-01-27 10:49:48.15,8
252,nan,100,nan,1,1,67,B99,F,2020-01-16,2020-01-27 10:49:48.15,1
253,nan,18,nan,2,2,67,B01,F,2020-01-16,2020-01-27 10:49:48.15,2
254,nan,58,nan,988,1144,67,A01,F,2020-01-16,2020-01-27 10:49:48.15,1144
255,nan,170,nan,2,2,67,B03,F,2020-01-16,2020-01-27 10:49:48.15,2
256,nan,143,nan,2,2,67,B03,F,2020-01-16,2020-01-27 10:49:48.15,2
257,151937053.0,87,47820491.0,12,15,67,C01,F,2020-01-16,2020-01-27 10:49:48.15,15
258,nan,67,nan,495,595,67,A01,F,2020-01-16,2020-01-27 10:49:48.15,595
259,nan,44,nan,13,13,67,B05,F,2020-01-16,2020-01-27 10:49:48.15,13
260,nan,8,nan,18,19,67,B05,F,2020-01-16,2020-01-27 10:49:48.15,19
261,nan,60,nan,3,3,67,B07,F,2020-01-16,2020-01-27 10:49:48.15,3
262,nan,2,nan,2,2,67,F01,F,2020-01-16,2020-01-27 10:49:48.15,2
263,nan,65,nan,2,2,67,B05,F,2020-01-16,2020-01-27 10:49:48.15,2
264,nan,69,nan,2,2,67,B05,F,2020-01-16,2020-01-27 10:49:48.15,2
265,nan,354,nan,2,2,67,B03,F,2020-01-16,2020-01-27 10:49:48.15,2
266,1138599830.0,110,1101393933.0,244,255,67,C01,F,2020-01-16,2020-01-27 10:49:48.15,255
267,441558886.0,79,255603761.0,51,67,67,C01,F,2020-01-16,2020-01-27 10:49:48.15,67
268,233622500.0,182,195796791.0,10,10,67,C01,F,2020-01-16,2020-01-27 10:49:48.15,10
269,nan,64,nan,113,119,67,B99,F,2020-01-16,2020-01-27 10:49:48.15,119
270,nan,251,nan,1,1,67,B03,F,2020-01-16,2020-01-27 10:49:48.15,1
271,nan,339,nan,3,3,67,B03,F,2020-01-16,2020-01-27 10:49:48.15,3
272,nan,309,nan,3,3,67,B03,F,2020-01-16,2020-01-27 10:49:48.15,3
273,nan,269,nan,1,1,67,B03,F,2020-01-16,2020-01-27 10:49:48.15,1
274,nan,24,nan,3,3,67,B06,F,2020-01-16,2020-01-27 10:49:48.15,3
275,nan,273,nan,3,3,67,B03,F,2020-01-16,2020-01-27 10:49:48.15,3
276,268040000.0,188,181347594.0,8,9,67,C01,F,2020-01-16,2020-01-27 10:49:48.15,9
277,nan,81,nan,92,103,67,A01,F,2020-01-16,2020-01-27 10:49:48.15,103
278,565167436.0,62,283266236.0,120,138,67,C01,F,2020-01-16,2020-01-27 10:49:48.15,138
279,95975000.0,132,58485805.0,7,15,67,C01,F,2020-01-16,2020-01-27 10:49:48.15,15
280,nan,74,nan,1,1,67,A04,F,2020-01-16,2020-01-27 10:49:48.15,1
281,nan,94,nan,5,5,67,B99,F,2020-01-16,2020-01-27 10:49:48.15,5
282,nan,275,nan,6,6,67,B03,F,2020-01-16,2020-01-27 10:49:48.15,6
283,44100200.0,19,16925762.0,10,12,67,C01,F,2020-01-16,2020-01-27 10:49:48.15,12
284,93050000.0,121,26815234.0,6,11,67,C01,F,2020-01-16,2020-01-27 10:49:48.15,11
285,nan,240,nan,439,440,67,B03,F,2020-01-16,2020-01-27 10:49:48.15,440
286,nan,90,nan,438,566,67,A01,F,2020-01-16,2020-01-27 10:49:48.15,566
287,nan,57,nan,164,191,67,A04,F,2020-01-16,2020-01-27 10:49:48.15,191
288,nan,357,nan,4,4,67,B03,F,2020-01-16,2020-01-27 10:49:48.15,4
289,nan,285,nan,5,5,67,B03,F,2020-01-16,2020-01-27 10:49:48.15,5
290,nan,106,nan,1,1,67,B99,F,2020-01-16,2020-01-27 10:49:48.15,1
291,6900000.0,199,5963843.0,1,1,67,C01,F,2020-01-16,2020-01-27 10:49:48.15,1
292,nan,83,nan,170,197,67,A01,F,2020-01-16,2020-01-27 10:49:48.15,197
293,nan,51,nan,341,374,67,A01,F,2020-01-16,2020-01-27 10:49:48.15,374
294,nan,320,nan,12,12,67,B03,F,2020-01-16,2020-01-27 10:49:48.15,12
295,nan,76,nan,3,3,67,A04,F,2020-01-16,2020-01-27 10:49:48.15,3
296,nan,151,nan,1,1,67,B03,F,2020-01-16,2020-01-27 10:49:48.15,1
297,nan,38,nan,228,242,67,A01,F,2020-01-16,2020-01-27 10:49:48.15,242
298,nan,92,nan,192,230,67,A01,F,2020-01-16,2020-01-27 10:49:48.15,230
299,nan,69,nan,188,220,67,A04,F,2020-01-16,2020-01-27 10:49:48.15,220
300,nan,78,nan,82,91,67,A01,F,2020-01-16,2020-01-27 10:49:48.15,91
301,nan,215,nan,3,3,67,B03,F,2020-01-16,2020-01-27 10:49:48.15,3
302,nan,22,nan,542,554,67,B99,F,2020-01-16,2020-01-27 10:49:48.15,554
303,nan,336,nan,3,3,67,B03,F,2020-01-16,2020-01-27 10:49:48.15,3
304,nan,49,nan,910,1002,67,A04,F,2020-01-16,2020-01-27 10:49:48.15,1002
305,nan,245,nan,2,2,67,B03,F,2020-01-16,2020-01-27 10:49:48.15,2
306,nan,92,nan,7,7,67,B99,F,2020-01-16,2020-01-27 10:49:48.15,7
307,nan,334,nan,9,9,67,B03,F,2020-01-16,2020-01-27 10:49:48.15,9
308,nan,12,nan,16862,17989,67,B99,F,2020-01-16,2020-01-27 10:49:48.15,17989
309,nan,11,nan,112,122,67,A01,F,2020-01-16,2020-01-27 10:49:48.15,122
310,nan,70,nan,397,432,67,A04,F,2020-01-16,2020-01-27 10:49:48.15,432
311,nan,73,nan,9,9,67,B99,F,2020-01-16,2020-01-27 10:49:48.15,9
312,nan,129,nan,1,1,67,A04,F,2020-01-16,2020-01-27 10:49:48.15,1
313,151980000.0,114,25263737.0,11,11,67,C01,F,2020-01-16,2020-01-27 10:49:48.15,11
314,nan,9,nan,7,7,67,B05,F,2020-01-16,2020-01-27 10:49:48.15,7
315,nan,19,nan,8,9,67,B05,F,2020-01-16,2020-01-27 10:49:48.15,9
316,nan,41,nan,5,5,67,B05,F,2020-01-16,2020-01-27 10:49:48.15,5
317,550827723.0,67,262709595.0,100,120,67,C01,F,2020-01-16,2020-01-27 10:49:48.15,120
318,nan,72,nan,37316,48231,67,A04,F,2020-01-16,2020-01-27 10:49:48.15,48231
319,nan,81,nan,14,14,67,B99,F,2020-01-16,2020-01-27 10:49:48.15,14
320,nan,255,nan,4,4,67,B03,F,2020-01-16,2020-01-27 10:49:48.15,4
321,nan,18,nan,27,28,67,A99,F,2020-01-16,2020-01-27 10:49:48.15,28
322,nan,7,nan,59,71,67,B01,F,2020-01-16,2020-01-27 10:49:48.15,71
323,nan,25,nan,15,15,67,B05,F,2020-01-16,2020-01-27 10:49:48.15,15
324,20540000.0,149,17919959.0,2,2,67,C01,F,2020-01-16,2020-01-27 10:49:48.15,2
325,nan,37,nan,154,166,67,A04,F,2020-01-16,2020-01-27 10:49:48.15,166
326,nan,178,nan,2,2,67,A04,F,2020-01-16,2020-01-27 10:49:48.15,2
327,nan,118,nan,1,1,67,A04,F,2020-01-16,2020-01-27 10:49:48.15,1
328,nan,266,nan,1,1,67,B03,F,2020-01-16,2020-01-27 10:49:48.15,1
329,nan,80,nan,15,15,67,B99,F,2020-01-16,2020-01-27 10:49:48.15,15
330,1217647137.0,65,540170295.0,285,316,67,C01,F,2020-01-16,2020-01-27 10:49:48.15,316
331,nan,38,nan,286,296,67,A04,F,2020-01-16,2020-01-27 10:49:48.15,296
332,nan,39,nan,223,240,67,A01,F,2020-01-16,2020-01-27 10:49:48.15,240
333,960213536.0,77,769056349.0,189,198,67,C01,F,2020-01-16,2020-01-27 10:49:48.15,198
334,nan,97,nan,478,503,67,A01,F,2020-01-16,2020-01-27 10:49:48.15,503
335,nan,5,nan,619,630,67,A99,F,2020-01-16,2020-01-27 10:49:48.15,630
336,nan,72,nan,7,7,67,B03,F,2020-01-16,2020-01-27 10:49:48.15,7
337,nan,140,nan,6,6,67,B03,F,2020-01-16,2020-01-27 10:49:48.15,6
338,nan,112,nan,4,8,67,A01,F,2020-01-16,2020-01-27 10:49:48.15,8
339,nan,268,nan,1,1,67,B03,F,2020-01-16,2020-01-27 10:49:48.15,1
340,nan,119,nan,2,2,67,A04,F,2020-01-16,2020-01-27 10:49:48.15,2
341,320140058.0,42,140357803.0,67,83,67,C01,F,2020-01-16,2020-01-27 10:49:48.15,83
342,170284617.0,99,66576725.0,12,16,67,C01,F,2020-01-16,2020-01-27 10:49:48.15,16
343,nan,4,nan,852,870,67,A99,F,2020-01-16,2020-01-27 10:49:48.15,870
344,nan,32,nan,382,406,67,B99,F,2020-01-16,2020-01-27 10:49:48.15,406
345,nan,61,nan,173,192,67,A04,F,2020-01-16,2020-01-27 10:49:48.15,192
346,nan,92,nan,2,2,67,B03,F,2020-01-16,2020-01-27 10:49:48.15,2
347,23140000.0,181,12535791.0,3,3,67,C01,F,2020-01-16,2020-01-27 10:49:48.15,3
348,23584557.0,21,12140305.0,7,7,67,C01,F,2020-01-16,2020-01-27 10:49:48.15,7
349,22890000.0,111,4060928.0,2,2,67,C01,F,2020-01-16,2020-01-27 10:49:48.15,2
350,45800000.0,118,7033740.0,3,3,67,C01,F,2020-01-16,2020-01-27 10:49:48.15,3
351,nan,52,nan,6,6,67,B05,F,2020-01-16,2020-01-27 10:49:48.15,6
352,nan,113,nan,9,13,67,A01,F,2020-01-16,2020-01-27 10:49:48.15,13
353,nan,249,nan,3,3,67,B03,F,2020-01-16,2020-01-27 10:49:48.15,3
354,nan,34,nan,1,1,67,A99,F,2020-01-16,2020-01-27 10:49:48.15,1
355,nan,3,nan,1,1,67,B01,F,2020-01-16,2020-01-27 10:49:48.15,1
356,nan,310,nan,9,9,67,B03,F,2020-01-16,2020-01-27 10:49:48.15,9
357,nan,22,nan,10,10,67,A99,F,2020-01-16,2020-01-27 10:49:48.15,10
358,nan,65,nan,2,2,67,B03,F,2020-01-16,2020-01-27 10:49:48.15,2
359,nan,27,nan,369,388,67,B99,F,2020-01-16,2020-01-27 10:49:48.15,388
360,nan,96,nan,116,151,67,A04,F,2020-01-16,2020-01-27 10:49:48.15,151
361,nan,91,nan,114,133,67,A01,F,2020-01-16,2020-01-27 10:49:48.15,133
362,nan,24,nan,3001,3071,67,B05,F,2020-01-16,2020-01-27 10:49:48.15,3071
363,nan,35,nan,1453,1481,67,A04,F,2020-01-16,2020-01-27 10:49:48.15,1481
364,nan,262,nan,3,3,67,B03,F,2020-01-16,2020-01-27 10:49:48.15,3
365,nan,95,nan,9,9,67,B99,F,2020-01-16,2020-01-27 10:49:48.15,9
366,nan,103,nan,1,1,67,B99,F,2020-01-16,2020-01-27 10:49:48.15,1
367,106281490.0,106,46274205.0,13,13,67,C01,F,2020-01-16,2020-01-27 10:49:48.15,13
368,5350000.0,11,1459095.0,1,1,67,C01,F,2020-01-16,2020-01-27 10:49:48.15,1
369,nan,39,nan,216,225,67,B99,F,2020-01-16,2020-01-27 10:49:48.15,225
370,nan,14,nan,884,902,67,A04,F,2020-01-16,2020-01-27 10:49:48.15,902
371,nan,107,nan,3,6,67,A01,F,2020-01-16,2020-01-27 10:49:48.15,6
372,nan,286,nan,4,4,67,B03,F,2020-01-16,2020-01-27 10:49:48.15,4
373,nan,49,nan,10,10,67,B05,F,2020-01-16,2020-01-27 10:49:48.15,10
374,nan,227,nan,1,1,67,B03,F,2020-01-16,2020-01-27 10:49:48.15,1
375,nan,90,nan,2,2,67,B03,F,2020-01-16,2020-01-27 10:49:48.15,2
376,nan,100,nan,7,7,67,A04,F,2020-01-16,2020-01-27 10:49:48.15,7
377,nan,86,nan,129,158,67,A01,F,2020-01-16,2020-01-27 10:49:48.15,158
378,131070000.0,138,47372147.0,11,13,67,C01,F,2020-01-16,2020-01-27 10:49:48.15,13
379,186080000.0,143,39941763.0,13,16,67,C01,F,2020-01-16,2020-01-27 10:49:48.15,16
380,nan,61,nan,1,1,67,B05,F,2020-01-16,2020-01-27 10:49:48.15,1
381,nan,198,nan,2,2,67,B03,F,2020-01-16,2020-01-27 10:49:48.15,2
382,498699313.0,57,259818902.0,101,116,67,C01,F,2020-01-16,2020-01-27 10:49:48.15,116
383,nan,18,nan,2058,2117,67,B99,F,2020-01-16,2020-01-27 10:49:48.15,2117
384,nan,25,nan,506,521,67,A04,F,2020-01-16,2020-01-27 10:49:48.15,521
385,nan,37,nan,13,13,67,B05,F,2020-01-16,2020-01-27 10:49:48.15,13
386,nan,30,nan,3,3,67,A99,F,2020-01-16,2020-01-27 10:49:48.15,3
387,nan,260,nan,4,4,67,B03,F,2020-01-16,2020-01-27 10:49:48.15,4
388,nan,15,nan,346,363,67,A01,F,2020-01-16,2020-01-27 10:49:48.15,363
389,nan,125,nan,2,2,67,B03,F,2020-01-16,2020-01-27 10:49:48.15,2
390,112135000.0,130,42490399.0,8,11,67,C01,F,2020-01-16,2020-01-27 10:49:48.15,11
391,189927500.0,190,119859597.0,10,12,67,C01,F,2020-01-16,2020-01-27 10:49:48.15,12
392,33210000.0,196,29821302.0,2,3,67,C01,F,2020-01-16,2020-01-27 10:49:48.15,3
393,nan,355,nan,3,3,67,B03,F,2020-01-16,2020-01-27 10:49:48.15,3
394,nan,277,nan,2,2,67,B03,F,2020-01-16,2020-01-27 10:49:48.15,2
395,246428032.0,38,122724175.0,42,60,67,C01,F,2020-01-16,2020-01-27 10:49:48.15,60
396,nan,292,nan,2,2,67,B03,F,2020-01-16,2020-01-27 10:49:48.15,2
397,290320767.0,36,122053066.0,55,69,67,C01,F,2020-01-16,2020-01-27 10:49:48.15,69
398,nan,20,nan,27,27,67,B05,F,2020-01-16,2020-01-27 10:49:48.15,27
399,nan,84,nan,15,16,67,B99,F,2020-01-16,2020-01-27 10:49:48.15,16
400,nan,179,nan,6,6,67,A04,F,2020-01-16,2020-01-27 10:49:48.15,6
401,nan,298,nan,1,1,67,B03,F,2020-01-16,2020-01-27 10:49:48.15,1
402,44447735.0,22,26406348.0,11,13,67,C01,F,2020-01-16,2020-01-27 10:49:48.15,13
403,20065000.0,150,18006330.0,2,2,67,C01,F,2020-01-16,2020-01-27 10:49:48.15,2
404,nan,10,nan,13336,15212,67,A04,F,2020-01-16,2020-01-27 10:49:48.15,15212
405,nan,9,nan,312,316,67,A99,F,2020-01-16,2020-01-27 10:49:48.15,316
406,nan,74,nan,62,71,67,A01,F,2020-01-16,2020-01-27 10:49:48.15,71
407,nan,209,nan,1,1,67,B03,F,2020-01-16,2020-01-27 10:49:48.15,1
408,nan,243,nan,2,2,67,B03,F,2020-01-16,2020-01-27 10:49:48.15,2
409,200145700.0,45,90093615.0,52,57,67,C01,F,2020-01-16,2020-01-27 10:49:48.15,57
410,nan,7,nan,74,74,67,A01,F,2020-01-16,2020-01-27 10:49:48.15,74
411,nan,132,nan,3,3,67,B03,F,2020-01-16,2020-01-27 10:49:48.15,3
412,nan,80,nan,166,187,67,A01,F,2020-01-16,2020-01-27 10:49:48.15,187
413,nan,53,nan,122,146,67,A04,F,2020-01-16,2020-01-27 10:49:48.15,146
414,nan,27,nan,202,214,67,A01,F,2020-01-16,2020-01-27 10:49:48.15,214
415,nan,33,nan,1,1,67,A99,F,2020-01-16,2020-01-27 10:49:48.15,1
416,nan,3,nan,21732,25601,67,A04,F,2020-01-16,2020-01-27 10:49:48.15,25601
417,nan,48,nan,3994,4411,67,A01,F,2020-01-16,2020-01-27 10:49:48.15,4411
418,nan,59,nan,801,950,67,A01,F,2020-01-16,2020-01-27 10:49:48.15,950
419,nan,15,nan,17,17,67,A05,F,2020-01-16,2020-01-27 10:49:48.15,17
420,573697717.0,68,277898994.0,124,136,67,C01,F,2020-01-16,2020-01-27 10:49:48.15,136
421,438330000.0,179,258533959.0,17,21,67,C01,F,2020-01-16,2020-01-27 10:49:48.15,21
422,nan,10,nan,13323,13999,67,B99,F,2020-01-16,2020-01-27 10:49:48.15,13999
423,nan,214,nan,1,1,67,B03,F,2020-01-16,2020-01-27 10:49:48.15,1
424,nan,21,nan,2,2,67,B01,F,2020-01-16,2020-01-27 10:49:48.15,2
425,704469115.0,69,350598035.0,150,166,67,C01,F,2020-01-16,2020-01-27 10:49:48.15,166
426,36750000.0,113,6092991.0,5,5,67,C01,F,2020-01-16,2020-01-27 10:49:48.15,5
427,6050000.0,148,4782725.0,1,1,67,C01,F,2020-01-16,2020-01-27 10:49:48.15,1
428,nan,73,nan,170,181,67,A01,F,2020-01-16,2020-01-27 10:49:48.15,181
429,nan,20,nan,28,28,67,A99,F,2020-01-16,2020-01-27 10:49:48.15,28
430,nan,177,nan,4,4,67,A04,F,2020-01-16,2020-01-27 10:49:48.15,4
431,nan,172,nan,1,1,67,B03,F,2020-01-16,2020-01-27 10:49:48.15,1
432,104536472.0,34,33187617.0,20,25,67,C01,F,2020-01-16,2020-01-27 10:49:48.15,25
433,155290000.0,174,96488405.0,12,17,67,C01,F,2020-01-16,2020-01-27 10:49:48.15,17
434,61082157.0,29,25378303.0,13,14,67,C01,F,2020-01-16,2020-01-27 10:49:48.15,14
435,nan,42,nan,264,279,67,B99,F,2020-01-16,2020-01-27 10:49:48.15,279
436,nan,6,nan,503,512,67,A99,F,2020-01-16,2020-01-27 10:49:48.15,512
437,nan,180,nan,195,198,67,B03,F,2020-01-16,2020-01-27 10:49:48.15,198
438,nan,54,nan,219,243,67,A04,F,2020-01-16,2020-01-27 10:49:48.15,243
439,nan,33,nan,11,11,67,B05,F,2020-01-16,2020-01-27 10:49:48.15,11
440,nan,67,nan,15,17,67,B05,F,2020-01-16,2020-01-27 10:49:48.15,17
441,nan,88,nan,8,8,67,B99,F,2020-01-16,2020-01-27 10:49:48.15,8
442,342442500.0,141,85165612.0,20,21,67,C01,F,2020-01-16,2020-01-27 10:49:48.15,21
443,nan,6,nan,9896,10401,67,B99,F,2020-01-16,2020-01-27 10:49:48.15,10401
444,nan,58,nan,160,174,67,B99,F,2020-01-16,2020-01-27 10:49:48.15,174
445,nan,53,nan,111,115,67,B99,F,2020-01-16,2020-01-27 10:49:48.15,115
446,nan,247,nan,2,2,67,B03,F,2020-01-16,2020-01-27 10:49:48.15,2
447,nan,307,nan,3,3,67,B03,F,2020-01-16,2020-01-27 10:49:48.15,3
448,nan,28,nan,267,273,67,B99,F,2020-01-16,2020-01-27 10:49:48.15,273
449,nan,175,nan,1,1,67,B03,F,2020-01-16,2020-01-27 10:49:48.15,1
450,nan,98,nan,9,11,67,A01,F,2020-01-16,2020-01-27 10:49:48.15,11
451,nan,4,nan,16192,18173,67,A04,F,2020-01-16,2020-01-27 10:49:48.15,18173
452,nan,32,nan,2,2,67,A99,F,2020-01-16,2020-01-27 10:49:48.15,2
453,262571475.0,74,188789997.0,40,42,67,C01,F,2020-01-16,2020-01-27 10:49:48.15,42
454,147860000.0,166,107673723.0,7,7,67,C01,F,2020-01-16,2020-01-27 10:49:48.15,7
455,nan,9,nan,9,9,67,B01,F,2020-01-16,2020-01-27 10:49:48.15,9
456,nan,350,nan,10,10,67,B03,F,2020-01-16,2020-01-27 10:49:48.15,10
457,nan,76,nan,1,1,67,B03,F,2020-01-16,2020-01-27 10:49:48.15,1
458,nan,93,nan,154,188,67,A01,F,2020-01-16,2020-01-27 10:49:48.15,188
459,nan,179,nan,3,3,67,B03,F,2020-01-16,2020-01-27 10:49:48.15,3
460,nan,288,nan,2,2,67,B03,F,2020-01-16,2020-01-27 10:49:48.15,2
461,100020000.0,168,48869008.0,5,7,67,C01,F,2020-01-16,2020-01-27 10:49:48.15,7
462,239672714.0,39,95557278.0,49,62,67,C01,F,2020-01-16,2020-01-27 10:49:48.15,62
463,nan,13,nan,638,653,67,A04,F,2020-01-16,2020-01-27 10:49:48.15,653
464,nan,118,nan,7,8,67,A01,F,2020-01-16,2020-01-27 10:49:48.15,8
465,nan,52,nan,373,408,67,A01,F,2020-01-16,2020-01-27 10:49:48.15,408
466,nan,16,nan,1467,1519,67,B99,F,2020-01-16,2020-01-27 10:49:48.15,1519
467,nan,25,nan,219,224,67,B99,F,2020-01-16,2020-01-27 10:49:48.15,224
468,nan,32,nan,578,626,67,A04,F,2020-01-16,2020-01-27 10:49:48.15,626
469,nan,235,nan,1,1,67,B03,F,2020-01-16,2020-01-27 10:49:48.15,1
470,193905437.0,44,81882163.0,50,56,67,C01,F,2020-01-16,2020-01-27 10:49:48.15,56
471,nan,52,nan,165,173,67,A04,F,2020-01-16,2020-01-27 10:49:48.15,173
472,nan,25,nan,168,180,67,A01,F,2020-01-16,2020-01-27 10:49:48.15,180
473,nan,257,nan,2,2,67,B03,F,2020-01-16,2020-01-27 10:49:48.15,2
474,nan,238,nan,1,1,67,B03,F,2020-01-16,2020-01-27 10:49:48.15,1
475,nan,337,nan,2,2,67,B03,F,2020-01-16,2020-01-27 10:49:48.15,2
476,nan,177,nan,1,1,67,B03,F,2020-01-16,2020-01-27 10:49:48.15,1
477,142305000.0,183,68688227.0,8,9,67,C01,F,2020-01-16,2020-01-27 10:49:48.15,9
478,212852621.0,96,84678820.0,17,20,67,C01,F,2020-01-16,2020-01-27 10:49:48.15,20
479,nan,5,nan,72,88,67,B01,F,2020-01-16,2020-01-27 10:49:48.15,88
480,nan,204,nan,7,7,67,B03,F,2020-01-16,2020-01-27 10:49:48.15,7
481,nan,29,nan,257,264,67,A04,F,2020-01-16,2020-01-27 10:49:48.15,264
482,nan,16,nan,27,27,67,A99,F,2020-01-16,2020-01-27 10:49:48.15,27
483,nan,61,nan,97,105,67,B99,F,2020-01-16,2020-01-27 10:49:48.15,105
484,nan,35,nan,22,26,67,A99,F,2020-01-16,2020-01-27 10:49:48.15,26
485,nan,59,nan,7,7,67,B05,F,2020-01-16,2020-01-27 10:49:48.15,7
486,nan,70,nan,2,2,67,B03,F,2020-01-16,2020-01-27 10:49:48.15,2
487,nan,62,nan,856,1033,67,A01,F,2020-01-16,2020-01-27 10:49:48.15,1033
488,nan,52,nan,104,115,67,B99,F,2020-01-16,2020-01-27 10:49:48.15,115
489,nan,13,nan,164,170,67,A01,F,2020-01-16,2020-01-27 10:49:48.15,170
490,nan,40,nan,390,417,67,A01,F,2020-01-16,2020-01-27 10:49:48.15,417
491,nan,21,nan,501,518,67,A04,F,2020-01-16,2020-01-27 10:49:48.15,518
492,nan,8,nan,4832,5010,67,B99,F,2020-01-16,2020-01-27 10:49:48.15,5010
493,nan,70,nan,1341,1470,67,A01,F,2020-01-16,2020-01-27 10:49:48.15,1470
494,nan,20,nan,379,392,67,A01,F,2020-01-16,2020-01-27 10:49:48.15,392
495,nan,6,nan,226,227,67,A01,F,2020-01-16,2020-01-27 10:49:48.15,227
496,nan,87,nan,8,9,67,B99,F,2020-01-16,2020-01-27 10:49:48.15,9
497,nan,91,nan,11,11,67,B99,F,2020-01-16,2020-01-27 10:49:48.15,11
498,nan,218,nan,1,1,67,B03,F,2020-01-16,2020-01-27 10:49:48.15,1
499,nan,29,nan,8,8,67,B05,F,2020-01-16,2020-01-27 10:49:48.15,8
500,nan,102,nan,1,1,67,A01,F,2020-01-16,2020-01-27 10:49:48.15,1
501,nan,117,nan,1,1,67,B99,F,2020-01-16,2020-01-27 10:49:48.15,1
502,nan,19,nan,33,33,67,A99,F,2020-01-16,2020-01-27 10:49:48.15,33
503,nan,142,nan,1,1,67,B03,F,2020-01-16,2020-01-27 10:49:48.15,1
504,nan,79,nan,12,15,67,B99,F,2020-01-16,2020-01-27 10:49:48.15,15
505,nan,64,nan,1,1,67,B05,F,2020-01-16,2020-01-27 10:49:48.15,1
506,224939733.0,83,149223755.0,38,41,67,C01,F,2020-01-16,2020-01-27 10:49:48.15,41
507,nan,63,nan,912,1097,67,A01,F,2020-01-16,2020-01-27 10:49:48.15,1097
508,nan,28,nan,13,13,67,B05,F,2020-01-16,2020-01-27 10:49:48.15,13
509,nan,20,nan,16,16,67,A05,F,2020-01-16,2020-01-27 10:49:48.15,16
510,249440000.0,133,81446415.0,11,12,67,C01,F,2020-01-16,2020-01-27 10:49:48.15,12
511,nan,17,nan,503,511,67,A04,F,2020-01-16,2020-01-27 10:49:48.15,511
512,nan,15,nan,7,7,67,B01,F,2020-01-16,2020-01-27 10:49:48.15,7
513,nan,153,nan,3,3,67,B03,F,2020-01-16,2020-01-27 10:49:48.15,3
514,nan,155,nan,1,1,67,B03,F,2020-01-16,2020-01-27 10:49:48.15,1
515,583787378.0,48,232367611.0,132,150,67,C01,F,2020-01-16,2020-01-27 10:49:48.15,150
516,90922636.0,28,39303337.0,21,23,67,C01,F,2020-01-16,2020-01-27 10:49:48.15,23
517,155160000.0,140,54300570.0,16,21,67,C01,F,2020-01-16,2020-01-27 10:49:48.15,21
518,nan,55,nan,130,137,67,B99,F,2020-01-16,2020-01-27 10:49:48.15,137
519,nan,34,nan,10,10,67,B05,F,2020-01-16,2020-01-27 10:49:48.15,10
520,nan,58,nan,28,30,67,B05,F,2020-01-16,2020-01-27 10:49:48.15,30
521,102060000.0,139,41639283.0,10,12,67,C01,F,2020-01-16,2020-01-27 10:49:48.15,12
522,88835000.0,147,33520862.0,6,6,67,C01,F,2020-01-16,2020-01-27 10:49:48.15,6
523,nan,36,nan,17088,18888,67,A04,F,2020-01-16,2020-01-27 10:49:48.15,18888
524,nan,335,nan,4,4,67,B03,F,2020-01-16,2020-01-27 10:49:48.15,4
525,nan,121,nan,2,2,67,B03,F,2020-01-16,2020-01-27 10:49:48.15,2
526,83441217.0,97,37619583.0,8,10,67,C01,F,2020-01-16,2020-01-27 10:49:48.15,10
527,nan,46,nan,252,271,67,A01,F,2020-01-16,2020-01-27 10:49:48.15,271
528,nan,353,nan,7,7,67,B03,F,2020-01-16,2020-01-27 10:49:48.15,7
529,nan,190,nan,3,3,67,B03,F,2020-01-16,2020-01-27 10:49:48.15,3
530,nan,167,nan,1,1,67,B03,F,2020-01-16,2020-01-27 10:49:48.15,1
531,nan,9,nan,3717,3827,67,B99,F,2020-01-16,2020-01-27 10:49:48.15,3827
532,69952500.0,187,61418425.0,8,8,67,C01,F,2020-01-16,2020-01-27 10:49:48.15,8
533,nan,36,nan,3365,3638,67,A01,F,2020-01-16,2020-01-27 10:49:48.15,3638
534,nan,59,nan,174,182,67,B99,F,2020-01-16,2020-01-27 10:49:48.15,182
535,nan,43,nan,280,303,67,B99,F,2020-01-16,2020-01-27 10:49:48.15,303
536,nan,70,nan,116,122,67,B99,F,2020-01-16,2020-01-27 10:49:48.15,122
537,nan,3,nan,6,6,67,B05,F,2020-01-16,2020-01-27 10:49:48.15,6
538,nan,202,nan,1,1,67,B03,F,2020-01-16,2020-01-27 10:49:48.15,1
539,108960000.0,101,29290601.0,7,9,67,C01,F,2020-01-16,2020-01-27 10:49:48.15,9
540,39780000.0,127,16212970.0,3,4,67,C01,F,2020-01-16,2020-01-27 10:49:48.15,4
541,nan,29,nan,179,194,67,A01,F,2020-01-16,2020-01-27 10:49:48.15,194
542,nan,8,nan,57,79,67,B01,F,2020-01-16,2020-01-27 10:49:48.15,79
543,nan,17,nan,1,1,67,A05,F,2020-01-16,2020-01-27 10:49:48.15,1
544,100205562.0,89,50924180.0,8,9,67,C01,F,2020-01-16,2020-01-27 10:49:48.15,9
545,nan,17,nan,589,600,67,B99,F,2020-01-16,2020-01-27 10:49:48.15,600
546,nan,31,nan,286,301,67,A04,F,2020-01-16,2020-01-27 10:49:48.15,301
547,nan,45,nan,312,345,67,B99,F,2020-01-16,2020-01-27 10:49:48.15,345
548,nan,50,nan,22,22,67,B05,F,2020-01-16,2020-01-27 10:49:48.15,22
549,nan,233,nan,2,2,67,B03,F,2020-01-16,2020-01-27 10:49:48.15,2
550,nan,141,nan,1,1,67,B03,F,2020-01-16,2020-01-27 10:49:48.15,1
551,247140540.0,43,93150044.0,51,63,67,C01,F,2020-01-16,2020-01-27 10:49:48.15,63
552,106695000.0,123,26187026.0,6,8,67,C01,F,2020-01-16,2020-01-27 10:49:48.15,8
553,nan,12,nan,27050,30653,67,A04,F,2020-01-16,2020-01-27 10:49:48.15,30653
554,nan,31,nan,304,321,67,B99,F,2020-01-16,2020-01-27 10:49:48.15,321
555,nan,30,nan,196,197,67,B05,F,2020-01-16,2020-01-27 10:49:48.15,197
556,nan,4,nan,20,20,67,A05,F,2020-01-16,2020-01-27 10:49:48.15,20
557,nan,325,nan,5,5,67,B03,F,2020-01-16,2020-01-27 10:49:48.15,5
558,nan,119,nan,3,3,67,A01,F,2020-01-16,2020-01-27 10:49:48.15,3
559,nan,11,nan,1774,1792,67,A04,F,2020-01-16,2020-01-27 10:49:48.15,1792
560,nan,45,nan,272,292,67,A01,F,2020-01-16,2020-01-27 10:49:48.15,292
561,nan,54,nan,455,493,67,A01,F,2020-01-16,2020-01-27 10:49:48.15,493
562,nan,71,nan,580,649,67,A01,F,2020-01-16,2020-01-27 10:49:48.15,649
563,nan,79,nan,91,102,67,A01,F,2020-01-16,2020-01-27 10:49:48.15,102
564,nan,212,nan,1,1,67,B03,F,2020-01-16,2020-01-27 10:49:48.15,1
565,nan,189,nan,1,1,67,B03,F,2020-01-16,2020-01-27 10:49:48.15,1
566,677614338.0,66,380908247.0,139,158,67,C01,F,2020-01-16,2020-01-27 10:49:48.15,158
567,417705651.0,59,215029199.0,89,95,67,C01,F,2020-01-16,2020-01-27 10:49:48.15,95
568,nan,7,nan,4542,4669,67,B99,F,2020-01-16,2020-01-27 10:49:48.15,4669
569,nan,20,nan,758,780,67,B99,F,2020-01-16,2020-01-27 10:49:48.15,780
570,nan,111,nan,8,17,67,A01,F,2020-01-16,2020-01-27 10:49:48.15,17
571,nan,109,nan,3,3,67,A01,F,2020-01-16,2020-01-27 10:49:48.15,3
572,nan,346,nan,6,6,67,B03,F,2020-01-16,2020-01-27 10:49:48.15,6
573,245968191.0,73,153653043.0,39,39,67,C01,F,2020-01-16,2020-01-27 10:49:48.15,39
574,nan,120,nan,291,307,67,B03,F,2020-01-16,2020-01-27 10:49:48.15,307
575,nan,17,nan,11,11,67,B05,F,2020-01-16,2020-01-27 10:49:48.15,11
576,nan,10,nan,48,48,67,A05,F,2020-01-16,2020-01-27 10:49:48.15,48
577,nan,4,nan,3,3,67,B01,F,2020-01-16,2020-01-27 10:49:48.15,3
578,nan,173,nan,1,1,67,B03,F,2020-01-16,2020-01-27 10:49:48.15,1
579,nan,60,nan,11509,15433,67,A01,F,2020-01-16,2020-01-27 10:49:48.15,15433
580,nan,24,nan,2979,3091,67,B99,F,2020-01-16,2020-01-27 10:49:48.15,3091
581,nan,42,nan,302,326,67,A01,F,2020-01-16,2020-01-27 10:49:48.15,326
582,nan,230,nan,4,4,67,B03,F,2020-01-16,2020-01-27 10:49:48.15,4
583,nan,74,nan,7,7,67,B99,F,2020-01-16,2020-01-27 10:49:48.15,7
584,nan,25,nan,1,1,67,A05,F,2020-01-16,2020-01-27 10:49:48.15,1
585,nan,270,nan,9,9,67,B03,F,2020-01-16,2020-01-27 10:49:48.15,9
586,140505000.0,197,87280026.0,10,12,67,C01,F,2020-01-16,2020-01-27 10:49:48.15,12
587,103305000.0,186,81096591.0,8,8,67,C01,F,2020-01-16,2020-01-27 10:49:48.15,8
588,nan,26,nan,178,186,67,A01,F,2020-01-16,2020-01-27 10:49:48.15,186
589,nan,70,nan,6,6,67,B05,F,2020-01-16,2020-01-27 10:49:48.15,6
590,nan,16,nan,14,14,67,B05,F,2020-01-16,2020-01-27 10:49:48.15,14
591,nan,119,nan,1,1,67,B03,F,2020-01-16,2020-01-27 10:49:48.15,1
592,98917500.0,175,78161657.0,11,11,67,C01,F,2020-01-16,2020-01-27 10:49:48.15,11
593,nan,48,nan,16826,20800,67,A04,F,2020-01-16,2020-01-27 10:49:48.15,20800
594,nan,53,nan,588,661,67,A01,F,2020-01-16,2020-01-27 10:49:48.15,661
595,nan,41,nan,180,197,67,A01,F,2020-01-16,2020-01-27 10:49:48.15,197
596,nan,78,nan,10,11,67,B99,F,2020-01-16,2020-01-27 10:49:48.15,11
597,nan,27,nan,1,1,67,A99,F,2020-01-16,2020-01-27 10:49:48.15,1
598,nan,168,nan,5,5,67,B03,F,2020-01-16,2020-01-27 10:49:48.15,5
599,nan,23,nan,1450,1461,67,A04,F,2020-01-16,2020-01-27 10:49:48.15,1461
600,nan,82,nan,14,15,67,B99,F,2020-01-16,2020-01-27 10:49:48.15,15
601,nan,42,nan,39,39,67,B05,F,2020-01-16,2020-01-27 10:49:48.15,39
602,nan,75,nan,70,73,67,A01,F,2020-01-16,2020-01-27 10:49:48.15,73
603,nan,40,nan,43,43,67,B05,F,2020-01-16,2020-01-27 10:49:48.15,43
604,nan,39,nan,2,2,67,B05,F,2020-01-16,2020-01-27 10:49:48.15,2
605,2012012500.0,180,1241458184.0,161,216,67,C01,F,2020-01-16,2020-01-27 10:49:48.15,216
606,103555000.0,184,92798978.0,9,9,67,C01,F,2020-01-16,2020-01-27 10:49:48.15,9
607,nan,8,nan,5797,6212,67,A04,F,2020-01-16,2020-01-27 10:49:48.15,6212
608,nan,46,nan,11,11,67,B05,F,2020-01-16,2020-01-27 10:49:48.15,11
609,nan,213,nan,2,2,67,B03,F,2020-01-16,2020-01-27 10:49:48.15,2
610,nan,19,nan,137,151,67,A01,F,2020-01-16,2020-01-27 10:49:48.15,151
611,nan,345,nan,6,7,67,B03,F,2020-01-16,2020-01-27 10:49:48.15,7
612,47460000.0,300,29712717.0,2,2,67,C01,F,2020-01-16,2020-01-27 10:49:48.15,2
613,23450000.0,146,20985178.0,3,3,67,C01,F,2020-01-16,2020-01-27 10:49:48.15,3
614,nan,1,nan,6261,6733,67,A99,F,2020-01-16,2020-01-27 10:49:48.15,6733
615,nan,193,nan,3,3,67,B03,F,2020-01-16,2020-01-27 10:49:48.15,3
616,nan,234,nan,3,3,67,B03,F,2020-01-16,2020-01-27 10:49:48.15,3
617,nan,26,nan,1,1,67,A99,F,2020-01-16,2020-01-27 10:49:48.15,1
618,nan,135,nan,1,1,67,B03,F,2020-01-16,2020-01-27 10:49:48.15,1
619,nan,313,nan,1,1,67,B03,F,2020-01-16,2020-01-27 10:49:48.15,1
620,nan,207,nan,2,2,67,B03,F,2020-01-16,2020-01-27 10:49:48.15,2
621,nan,176,nan,1,1,67,A04,F,2020-01-16,2020-01-27 10:49:48.15,1
622,nan,40,nan,2101,2226,67,A04,F,2020-01-16,2020-01-27 10:49:48.15,2226
623,nan,2,nan,1343,1481,67,B99,F,2020-01-16,2020-01-27 10:49:48.15,1481
624,nan,26,nan,325,335,67,A04,F,2020-01-16,2020-01-27 10:49:48.15,335
625,nan,191,nan,2,2,67,B03,F,2020-01-16,2020-01-27 10:49:48.15,2
626,nan,144,nan,1,1,67,A04,F,2020-01-16,2020-01-27 10:49:48.15,1
627,nan,272,nan,1,1,67,B03,F,2020-01-16,2020-01-27 10:49:48.15,1
628,1493780000.0,192,1316010490.0,46,53,67,C01,F,2020-01-16,2020-01-27 10:49:48.15,53
629,nan,57,nan,11,11,67,B05,F,2020-01-16,2020-01-27 10:49:48.15,11
630,nan,80,nan,7,7,67,A04,F,2020-01-16,2020-01-27 10:49:48.15,7
631,nan,328,nan,1,1,67,B03,F,2020-01-16,2020-01-27 10:49:48.15,1
632,nan,327,nan,5,5,67,B03,F,2020-01-16,2020-01-27 10:49:48.15,5
633,nan,7,nan,3,3,67,A05,F,2020-01-16,2020-01-27 10:49:48.15,3
634,1879602500.0,144,501273183.0,170,208,67,C01,F,2020-01-16,2020-01-27 10:49:48.15,208
635,nan,18,nan,613,642,67,A01,F,2020-01-16,2020-01-27 10:49:48.15,642
636,nan,51,nan,119,127,67,B99,F,2020-01-16,2020-01-27 10:49:48.15,127
637,nan,16,nan,177,187,67,A01,F,2020-01-16,2020-01-27 10:49:48.15,187
638,nan,6,nan,40,40,67,A05,F,2020-01-16,2020-01-27 10:49:48.15,40
639,nan,109,nan,1,1,67,A04,F,2020-01-16,2020-01-27 10:49:48.15,1
640,nan,296,nan,1,1,67,B03,F,2020-01-16,2020-01-27 10:49:48.15,1
641,217682531.0,91,94096909.0,16,21,67,C01,F,2020-01-16,2020-01-27 10:49:48.15,21
642,nan,27,nan,1027,1103,67,A04,F,2020-01-16,2020-01-27 10:49:48.15,1103
643,nan,62,nan,201,225,67,A04,F,2020-01-16,2020-01-27 10:49:48.15,225
644,nan,28,nan,3,3,67,A99,F,2020-01-16,2020-01-27 10:49:48.15,3
645,nan,13,nan,2,2,67,B01,F,2020-01-16,2020-01-27 10:49:48.15,2
646,nan,11,nan,2151,2214,67,B99,F,2020-01-16,2020-01-27 10:49:48.15,2214
647,nan,82,nan,122,140,67,A01,F,2020-01-16,2020-01-27 10:49:48.15,140
648,nan,12,nan,221,223,67,A05,F,2020-01-16,2020-01-27 10:49:48.15,223
649,nan,104,nan,3,3,67,A01,F,2020-01-16,2020-01-27 10:49:48.15,3
650,nan,13,nan,2,2,67,A05,F,2020-01-16,2020-01-27 10:49:48.15,2
651,255040138.0,98,139986988.0,19,19,67,C01,F,2020-01-16,2020-01-27 10:49:48.15,19
652,190465000.0,173,137740476.0,12,15,67,C01,F,2020-01-16,2020-01-27 10:49:48.15,15
653,nan,16,nan,1000,1047,67,A04,F,2020-01-16,2020-01-27 10:49:48.15,1047
654,nan,30,nan,347,376,67,B99,F,2020-01-16,2020-01-27 10:49:48.15,376
655,nan,76,nan,12,16,67,B99,F,2020-01-16,2020-01-27 10:49:48.15,16
656,nan,96,nan,8,9,67,B99,F,2020-01-16,2020-01-27 10:49:48.15,9
657,nan,86,nan,1,1,67,A04,F,2020-01-16,2020-01-27 10:49:48.15,1
658,nan,65,nan,1278,1544,67,A01,F,2020-01-16,2020-01-27 10:49:48.15,1544
659,nan,89,nan,13,13,67,B99,F,2020-01-16,2020-01-27 10:49:48.15,13
660,nan,200,nan,21,21,67,B03,F,2020-01-16,2020-01-27 10:49:48.15,21
661,nan,225,nan,1,1,67,B03,F,2020-01-16,2020-01-27 10:49:48.15,1
662,230820000.0,135,93038932.0,16,23,67,C01,F,2020-01-16,2020-01-27 10:49:48.15,23
663,nan,194,nan,2,2,67,B03,F,2020-01-16,2020-01-27 10:49:48.15,2
664,nan,304,nan,3,3,67,B03,F,2020-01-16,2020-01-27 10:49:48.15,3
665,nan,11,nan,3,3,67,B01,F,2020-01-16,2020-01-27 10:49:48.15,3
666,nan,322,nan,1,1,67,B03,F,2020-01-16,2020-01-27 10:49:48.15,1
667,nan,316,nan,1,1,67,B03,F,2020-01-16,2020-01-27 10:49:48.15,1
668,nan,15,nan,7394,7773,67,B99,F,2020-01-16,2020-01-27 10:49:48.15,7773
669,nan,131,nan,1,1,67,B03,F,2020-01-16,2020-01-27 10:49:48.15,1
670,82152120.0,23,46998382.0,7,23,67,C01,F,2020-01-16,2020-01-27 10:49:48.15,23
671,449007195.0,75,318212015.0,75,84,67,C01,F,2020-01-16,2020-01-27 10:49:48.15,84
672,179235000.0,193,111548203.0,13,18,67,C01,F,2020-01-16,2020-01-27 10:49:48.15,18
673,132940000.0,163,78322286.0,8,9,67,C01,F,2020-01-16,2020-01-27 10:49:48.15,9
674,nan,105,nan,3,4,67,A01,F,2020-01-16,2020-01-27 10:49:48.15,4
675,nan,45,nan,13,13,67,B05,F,2020-01-16,2020-01-27 10:49:48.15,13
676,nan,348,nan,6,6,67,B03,F,2020-01-16,2020-01-27 10:49:48.15,6
677,nan,98,nan,1,1,67,B99,F,2020-01-16,2020-01-27 10:49:48.15,1
678,2347750000.0,200,2019870963.0,162,209,67,C01,F,2020-01-16,2020-01-27 10:49:48.15,209
679,227277500.0,119,74171971.0,14,17,67,C01,F,2020-01-16,2020-01-27 10:49:48.15,17
680,209400000.0,178,95803793.0,14,17,67,C01,F,2020-01-16,2020-01-27 10:49:48.15,17
681,90660639.0,31,42717517.0,16,22,67,C01,F,2020-01-16,2020-01-27 10:49:48.15,22
682,nan,31,nan,131,138,67,A01,F,2020-01-16,2020-01-27 10:49:48.15,138
683,nan,280,nan,9,9,67,B03,F,2020-01-16,2020-01-27 10:49:48.15,9
684,nan,12,nan,6,6,67,B06,F,2020-01-16,2020-01-27 10:49:48.15,6
685,nan,122,nan,1,1,67,A04,F,2020-01-16,2020-01-27 10:49:48.15,1
686,108835000.0,195,77500859.0,7,9,67,C01,F,2020-01-16,2020-01-27 10:49:48.15,9
687,43270000.0,156,31578451.0,4,6,67,C01,F,2020-01-16,2020-01-27 10:49:48.15,6
688,nan,3,nan,5759,6116,67,B99,F,2020-01-16,2020-01-27 10:49:48.15,6116
689,nan,116,nan,13,24,67,A01,F,2020-01-16,2020-01-27 10:49:48.15,24
690,nan,29,nan,4,4,67,A99,F,2020-01-16,2020-01-27 10:49:48.15,4
691,nan,31,nan,2,2,67,A99,F,2020-01-16,2020-01-27 10:49:48.15,2
692,479183877.0,51,236200899.0,99,121,67,C01,F,2020-01-16,2020-01-27 10:49:48.15,121
693,107772203.0,26,64150030.0,26,30,67,C01,F,2020-01-16,2020-01-27 10:49:48.15,30
694,nan,4,nan,8,8,67,B05,F,2020-01-16,2020-01-27 10:49:48.15,8
695,170650000.0,164,111592721.0,9,12,67,C01,F,2020-01-16,2020-01-27 10:49:48.15,12
696,117230000.0,122,61052760.0,8,10,67,C01,F,2020-01-16,2020-01-27 10:49:48.15,10
697,nan,75,nan,11,11,67,B99,F,2020-01-16,2020-01-27 10:49:48.15,11
698,nan,16,nan,1,1,67,B06,F,2020-01-16,2020-01-27 10:49:48.15,1
699,nan,130,nan,2,2,67,B03,F,2020-01-16,2020-01-27 10:49:48.15,2
700,nan,20,nan,2730,2953,67,A04,F,2020-01-16,2020-01-27 10:49:48.15,2953
701,nan,5,nan,5,5,67,B05,F,2020-01-16,2020-01-27 10:49:48.15,5
702,nan,91,nan,1,1,67,A04,F,2020-01-16,2020-01-27 10:49:48.15,1
703,nan,94,nan,173,207,67,A01,F,2020-01-16,2020-01-27 10:49:48.15,207
704,nan,60,nan,5072,6140,67,A04,F,2020-01-16,2020-01-27 10:49:48.15,6140
705,nan,264,nan,6,6,67,B03,F,2020-01-16,2020-01-27 10:49:48.15,6
706,nan,281,nan,2,2,67,B03,F,2020-01-16,2020-01-27 10:49:48.15,2
707,nan,195,nan,1,1,67,B03,F,2020-01-16,2020-01-27 10:49:48.15,1
708,259284296.0,90,99584172.0,14,19,67,C01,F,2020-01-16,2020-01-27 10:49:48.15,19
709,nan,28,nan,236,245,67,A01,F,2020-01-16,2020-01-27 10:49:48.15,245
710,nan,19,nan,1,1,67,B01,F,2020-01-16,2020-01-27 10:49:48.15,1
711,nan,71,nan,1,1,67,B05,F,2020-01-16,2020-01-27 10:49:48.15,1
712,255712500.0,172,116849051.0,12,15,67,C01,F,2020-01-16,2020-01-27 10:49:48.15,15
713,nan,63,nan,205,241,67,A04,F,2020-01-16,2020-01-27 10:49:48.15,241
714,nan,106,nan,1,1,67,A01,F,2020-01-16,2020-01-27 10:49:48.15,1
715,nan,163,nan,1,1,67,B03,F,2020-01-16,2020-01-27 10:49:48.15,1
716,95973361.0,33,37955345.0,25,26,67,C01,F,2020-01-16,2020-01-27 10:49:48.15,26
717,341747014.0,95,207084235.0,29,32,67,C01,F,2020-01-16,2020-01-27 10:49:48.15,32
718,39020000.0,145,21935691.0,4,6,67,C01,F,2020-01-16,2020-01-27 10:49:48.15,6
719,nan,2,nan,2432,2520,67,A99,F,2020-01-16,2020-01-27 10:49:48.15,2520
720,nan,68,nan,176,217,67,A04,F,2020-01-16,2020-01-27 10:49:48.15,217
721,nan,19,nan,485,498,67,A04,F,2020-01-16,2020-01-27 10:49:48.15,498
722,nan,16,nan,6,6,67,A05,F,2020-01-16,2020-01-27 10:49:48.15,6
723,nan,84,nan,5,5,67,B03,F,2020-01-16,2020-01-27 10:49:48.15,5
724,nan,315,nan,3,3,67,B03,F,2020-01-16,2020-01-27 10:49:48.15,3
725,194395000.0,169,124073496.0,9,10,67,C01,F,2020-01-16,2020-01-27 10:49:48.15,10
726,nan,44,nan,226,241,67,A01,F,2020-01-16,2020-01-27 10:49:48.15,241
727,nan,64,nan,1026,1240,67,A01,F,2020-01-16,2020-01-27 10:49:48.15,1240
728,nan,67,nan,113,121,67,B99,F,2020-01-16,2020-01-27 10:49:48.15,121
729,nan,48,nan,14464,14857,67,B05,F,2020-01-16,2020-01-27 10:49:48.15,14857
730,nan,3,nan,1150,1178,67,A99,F,2020-01-16,2020-01-27 10:49:48.15,1178
731,nan,8,nan,17,18,67,A05,F,2020-01-16,2020-01-27 10:49:48.15,18
732,81018959.0,27,42616325.0,16,20,67,C01,F,2020-01-16,2020-01-27 10:49:48.15,20
733,nan,96,nan,14411,22329,67,A01,F,2020-01-16,2020-01-27 10:49:48.15,22329
734,nan,42,nan,1,1,67,B03,F,2020-01-16,2020-01-27 10:49:48.15,1
735,117832830.0,109,42723029.0,11,12,67,C01,F,2020-01-16,2020-01-27 10:49:48.15,12
736,nan,18,nan,7707,8248,67,A04,F,2020-01-16,2020-01-27 10:49:48.15,8248
737,nan,43,nan,207,220,67,A01,F,2020-01-16,2020-01-27 10:49:48.15,220
738,nan,224,nan,2,2,67,B03,F,2020-01-16,2020-01-27 10:49:48.15,2
739,nan,265,nan,3,3,67,B03,F,2020-01-16,2020-01-27 10:49:48.15,3
740,nan,113,nan,1,1,67,B99,F,2020-01-16,2020-01-27 10:49:48.15,1
741,nan,48,nan,1,1,67,B06,F,2020-01-16,2020-01-27 10:49:48.15,1
742,nan,38,nan,167,178,67,B99,F,2020-01-16,2020-01-27 10:49:48.15,178
743,nan,134,nan,1,1,67,B03,F,2020-01-16,2020-01-27 10:49:48.15,1
744,nan,358,nan,1,1,67,B03,F,2020-01-16,2020-01-27 10:49:48.15,1
745,nan,344,nan,5,5,67,B03,F,2020-01-16,2020-01-27 10:49:48.15,5
746,nan,34,nan,425,440,67,B99,F,2020-01-16,2020-01-27 10:49:48.15,440
747,nan,44,nan,284,302,67,A04,F,2020-01-16,2020-01-27 10:49:48.15,302
748,nan,5,nan,13769,15400,67,A04,F,2020-01-16,2020-01-27 10:49:48.15,15400
749,nan,43,nan,4,4,67,B05,F,2020-01-16,2020-01-27 10:49:48.15,4
750,nan,17,nan,32,32,67,A99,F,2020-01-16,2020-01-27 10:49:48.15,32
751,nan,72,nan,4,4,67,B05,F,2020-01-16,2020-01-27 10:49:48.15,4
752,nan,283,nan,2,2,67,B03,F,2020-01-16,2020-01-27 10:49:48.15,2
753,nan,276,nan,4,4,67,B03,F,2020-01-16,2020-01-27 10:49:48.15,4
754,337341537.0,81,240605825.0,55,57,67,C01,F,2020-01-16,2020-01-27 10:49:48.15,57
755,126913882.0,85,44660154.0,8,15,67,C01,F,2020-01-16,2020-01-27 10:49:48.15,15
756,nan,50,nan,99,103,67,B99,F,2020-01-16,2020-01-27 10:49:48.15,103
757,nan,4,nan,84,84,67,A01,F,2020-01-16,2020-01-27 10:49:48.15,84
758,nan,210,nan,8,8,67,B03,F,2020-01-16,2020-01-27 10:49:48.15,8
759,nan,4,nan,5040,5263,67,B99,F,2020-01-16,2020-01-27 10:49:48.15,5263
760,nan,56,nan,152,168,67,B99,F,2020-01-16,2020-01-27 10:49:48.15,168
761,nan,21,nan,126,131,67,A01,F,2020-01-16,2020-01-27 10:49:48.15,131
762,nan,15,nan,37,37,67,A99,F,2020-01-16,2020-01-27 10:49:48.15,37
763,nan,329,nan,1,1,67,B03,F,2020-01-16,2020-01-27 10:49:48.15,1
764,nan,90,nan,3,3,67,A04,F,2020-01-16,2020-01-27 10:49:48.15,3
765,154730000.0,198,85551944.0,7,14,67,C01,F,2020-01-16,2020-01-27 10:49:48.15,14
766,nan,1,nan,44874,65074,67,A04,F,2020-01-16,2020-01-27 10:49:48.15,65074
767,nan,35,nan,222,234,67,A01,F,2020-01-16,2020-01-27 10:49:48.15,234
768,nan,23,nan,240,283,67,A99,F,2020-01-16,2020-01-27 10:49:48.15,283
769,nan,231,nan,3,3,67,B03,F,2020-01-16,2020-01-27 10:49:48.15,3
770,226300000.0,125,140730630.0,8,9,67,C01,F,2020-01-16,2020-01-27 10:49:48.15,9
771,nan,83,nan,13,14,67,A04,F,2020-01-16,2020-01-27 10:49:48.15,14
772,nan,26,nan,15,15,67,B05,F,2020-01-16,2020-01-27 10:49:48.15,15
773,nan,317,nan,5,5,67,B03,F,2020-01-16,2020-01-27 10:49:48.15,5
774,nan,158,nan,1,1,67,B03,F,2020-01-16,2020-01-27 10:49:48.15,1
775,nan,321,nan,1,1,67,B03,F,2020-01-16,2020-01-27 10:49:48.15,1
776,nan,295,nan,1,1,67,B03,F,2020-01-16,2020-01-27 10:49:48.15,1
777,11900000.0,102,2239960.0,1,2,67,C01,F,2020-01-16,2020-01-27 10:49:48.15,2
778,nan,88,nan,136,157,67,A01,F,2020-01-16,2020-01-27 10:49:48.15,157
779,nan,192,nan,8,8,67,B03,F,2020-01-16,2020-01-27 10:49:48.15,8
780,64950000.0,129,30475428.0,9,10,67,C01,F,2020-01-16,2020-01-27 10:49:48.15,10
781,96080000.0,126,40203933.0,8,11,67,C01,F,2020-01-16,2020-01-27 10:49:48.15,11
782,nan,72,nan,56819,97007,67,A01,F,2020-01-16,2020-01-27 10:49:48.15,97007
783,nan,15,nan,4208,4445,67,A04,F,2020-01-16,2020-01-27 10:49:48.15,4445
784,nan,95,nan,647,716,67,A01,F,2020-01-16,2020-01-27 10:49:48.15,716
785,nan,41,nan,164,169,67,A04,F,2020-01-16,2020-01-27 10:49:48.15,169
786,nan,31,nan,5,5,67,B05,F,2020-01-16,2020-01-27 10:49:48.15,5
787,nan,42,nan,470,500,67,A04,F,2020-01-16,2020-01-27 10:49:48.15,500
788,nan,36,nan,845,910,67,B99,F,2020-01-16,2020-01-27 10:49:48.15,910
789,nan,77,nan,81,90,67,A01,F,2020-01-16,2020-01-27 10:49:48.15,90
790,nan,349,nan,4,4,67,B03,F,2020-01-16,2020-01-27 10:49:48.15,4
791,nan,252,nan,7,7,67,B03,F,2020-01-16,2020-01-27 10:49:48.15,7
792,nan,84,nan,2,2,67,B05,F,2020-01-16,2020-01-27 10:49:48.15,2
793,nan,187,nan,1,1,67,B03,F,2020-01-16,2020-01-27 10:49:48.15,1
794,3419749771.0,100,2444975458.0,277,311,67,C01,F,2020-01-16,2020-01-27 10:49:48.15,311
795,147172500.0,177,123012133.0,12,13,67,C01,F,2020-01-16,2020-01-27 10:49:48.15,13
796,nan,77,nan,12,12,67,B99,F,2020-01-16,2020-01-27 10:49:48.15,12
797,nan,96,nan,11,11,67,B03,F,2020-01-16,2020-01-27 10:49:48.15,11
798,nan,5,nan,5903,6185,67,B99,F,2020-01-16,2020-01-27 10:49:48.15,6185
799,nan,65,nan,213,244,67,A04,F,2020-01-16,2020-01-27 10:49:48.15,244
800,nan,237,nan,2,2,67,B03,F,2020-01-16,2020-01-27 10:49:48.15,2
801,nan,55,nan,10,10,67,B05,F,2020-01-16,2020-01-27 10:49:48.15,10
802,nan,219,nan,2,2,67,B03,F,2020-01-16,2020-01-27 10:49:48.15,2
803,nan,183,nan,1,1,67,B03,F,2020-01-16,2020-01-27 10:49:48.15,1
804,968624691.0,60,532800355.0,212,222,67,C01,F,2020-01-16,2020-01-27 10:49:48.15,222
805,nan,24,nan,17093,18747,67,A04,F,2020-01-16,2020-01-27 10:49:48.15,18747
806,nan,14,nan,89,90,67,A99,F,2020-01-16,2020-01-27 10:49:48.15,90
807,nan,150,nan,1,1,67,A04,F,2020-01-16,2020-01-27 10:49:48.15,1
808,174170000.0,120,69547315.0,13,17,67,C01,F,2020-01-16,2020-01-27 10:49:48.15,17
809,16908125.0,16,5012939.0,3,4,67,C01,F,2020-01-16,2020-01-27 10:49:48.15,4
810,nan,47,nan,492,532,67,B99,F,2020-01-16,2020-01-27 10:49:48.15,532
811,nan,55,nan,192,211,67,A04,F,2020-01-16,2020-01-27 10:49:48.15,211
812,nan,144,nan,7,10,67,B03,F,2020-01-16,2020-01-27 10:49:48.15,10
813,nan,160,nan,8,8,67,B03,F,2020-01-16,2020-01-27 10:49:48.15,8
814,nan,29,nan,292,299,67,B99,F,2020-01-16,2020-01-27 10:49:48.15,299
815,nan,76,nan,68,80,67,A01,F,2020-01-16,2020-01-27 10:49:48.15,80
816,nan,32,nan,12,12,67,B05,F,2020-01-16,2020-01-27 10:49:48.15,12
817,nan,50,nan,1,1,67,B03,F,2020-01-16,2020-01-27 10:49:48.15,1
818,10672970329.0,72,4844570256.0,2653,2960,67,C01,F,2020-01-16,2020-01-27 10:49:48.15,2960
819,141515000.0,167,98431660.0,6,6,67,C01,F,2020-01-16,2020-01-27 10:49:48.15,6
820,nan,100,nan,7,7,67,B03,F,2020-01-16,2020-01-27 10:49:48.15,7
821,nan,27,nan,19,19,67,B05,F,2020-01-16,2020-01-27 10:49:48.15,19
822,nan,222,nan,2,2,67,B03,F,2020-01-16,2020-01-27 10:49:48.15,2
823,nan,92,nan,1,1,67,A04,F,2020-01-16,2020-01-27 10:49:48.15,1
824,nan,3,nan,66,68,67,A01,F,2020-01-16,2020-01-27 10:49:48.15,68
825,nan,271,nan,2,2,67,B03,F,2020-01-16,2020-01-27 10:49:48.15,2
826,nan,240,nan,2,4,67,A04,F,2020-01-16,2020-01-27 10:49:48.15,4
827,nan,351,nan,1,1,67,B03,F,2020-01-16,2020-01-27 10:49:48.15,1
828,nan,136,nan,1,1,67,B03,F,2020-01-16,2020-01-27 10:49:48.15,1
829,nan,89,nan,131,147,67,A01,F,2020-01-16,2020-01-27 10:49:48.15,147
830,nan,6,nan,125,130,67,B05,F,2020-01-16,2020-01-27 10:49:48.15,130
831,nan,347,nan,2,2,67,B03,F,2020-01-16,2020-01-27 10:49:48.15,2
832,72055897.0,32,33637910.0,19,20,67,C01,F,2020-01-16,2020-01-27 10:49:48.15,20
833,183910000.0,128,76034906.0,9,16,67,C01,F,2020-01-16,2020-01-27 10:49:48.15,16
834,95470000.0,162,62868475.0,6,8,67,C01,F,2020-01-16,2020-01-27 10:49:48.15,8
835,nan,47,nan,1143,1289,67,A04,F,2020-01-16,2020-01-27 10:49:48.15,1289
836,nan,71,nan,3318,3545,67,A04,F,2020-01-16,2020-01-27 10:49:48.15,3545
837,nan,10,nan,23,23,67,B05,F,2020-01-16,2020-01-27 10:49:48.15,23
838,463385016.0,54,221505210.0,103,114,67,C01,F,2020-01-16,2020-01-27 10:49:48.15,114
839,6100000.0,155,5895768.0,1,1,67,C01,F,2020-01-16,2020-01-27 10:49:48.15,1
840,nan,305,nan,4,4,67,B03,F,2020-01-16,2020-01-27 10:49:48.15,4
841,nan,14,nan,4,4,67,A05,F,2020-01-16,2020-01-27 10:49:48.15,4
842,nan,12,nan,6,10,67,B01,F,2020-01-16,2020-01-27 10:49:48.15,10
843,147122407.0,24,82034428.0,36,42,67,C01,F,2020-01-16,2020-01-27 10:49:48.15,42
844,112500000.0,116,41727438.0,6,7,67,C01,F,2020-01-16,2020-01-27 10:49:48.15,7
845,26745000.0,194,17305723.0,2,2,67,C01,F,2020-01-16,2020-01-27 10:49:48.15,2
846,nan,61,nan,852,1038,67,A01,F,2020-01-16,2020-01-27 10:49:48.15,1038
847,195080879.0,47,102532815.0,46,47,67,C01,F,2020-01-16,2020-01-27 10:49:48.15,47
848,46537500.0,189,30021071.0,5,5,67,C01,F,2020-01-16,2020-01-27 10:49:48.15,5
849,92305000.0,185,87057163.0,9,10,67,C01,F,2020-01-16,2020-01-27 10:49:48.15,10
850,78520000.0,107,7303877.0,5,5,67,C01,F,2020-01-16,2020-01-27 10:49:48.15,5
851,nan,46,nan,332,349,67,B99,F,2020-01-16,2020-01-27 10:49:48.15,349
852,nan,44,nan,287,308,67,B99,F,2020-01-16,2020-01-27 10:49:48.15,308
853,nan,115,nan,1,1,67,B03,F,2020-01-16,2020-01-27 10:49:48.15,1
854,235637981.0,93,123012165.0,21,22,67,C01,F,2020-01-16,2020-01-27 10:49:48.15,22
855,nan,23,nan,1028,1090,67,B99,F,2020-01-16,2020-01-27 10:49:48.15,1090
856,nan,22,nan,433,444,67,A04,F,2020-01-16,2020-01-27 10:49:48.15,444
857,nan,342,nan,2,2,67,B03,F,2020-01-16,2020-01-27 10:49:48.15,2
858,nan,302,nan,3,3,67,B03,F,2020-01-16,2020-01-27 10:49:48.15,3
859,nan,22,nan,1,1,67,B01,F,2020-01-16,2020-01-27 10:49:48.15,1
860,62075885.0,17,17357289.0,7,15,67,C01,F,2020-01-16,2020-01-27 10:49:48.15,15
861,nan,1,nan,715,11850,67,G01,F,2020-01-16,2020-01-27 10:49:48.15,11850
862,nan,5,nan,15,16,67,A05,F,2020-01-16,2020-01-27 10:49:48.15,16
863,nan,68,nan,36,39,67,B05,F,2020-01-16,2020-01-27 10:49:48.15,39
864,nan,356,nan,3,3,67,B03,F,2020-01-16,2020-01-27 10:49:48.15,3
865,nan,1,nan,33,36,67,A01,F,2020-01-16,2020-01-27 10:49:48.15,36
866,nan,330,nan,8,8,67,B03,F,2020-01-16,2020-01-27 10:49:48.15,8
867,nan,23,nan,3,3,67,B05,F,2020-01-16,2020-01-27 10:49:48.15,3
868,nan,54,nan,8,8,67,B05,F,2020-01-16,2020-01-27 10:49:48.15,8
869,nan,103,nan,1,1,67,A01,F,2020-01-16,2020-01-27 10:49:48.15,1
870,213020000.0,176,132743567.0,12,15,67,C01,F,2020-01-16,2020-01-27 10:49:48.15,15
871,nan,24,nan,9,9,67,A99,F,2020-01-16,2020-01-27 10:49:48.15,9
872,nan,85,nan,9,12,67,B99,F,2020-01-16,2020-01-27 10:49:48.15,12
873,nan,343,nan,1,1,67,B03,F,2020-01-16,2020-01-27 10:49:48.15,1
874,174842840.0,103,61800347.0,12,15,67,C01,F,2020-01-16,2020-01-27 10:49:48.15,15
875,nan,7,nan,2955,3091,67,A04,F,2020-01-16,2020-01-27 10:49:48.15,3091
876,nan,69,nan,125,139,67,B99,F,2020-01-16,2020-01-27 10:49:48.15,139
877,nan,49,nan,396,430,67,A01,F,2020-01-16,2020-01-27 10:49:48.15,430
878,nan,150,nan,10,10,67,B03,F,2020-01-16,2020-01-27 10:49:48.15,10
879,nan,47,nan,5,5,67,B05,F,2020-01-16,2020-01-27 10:49:48.15,5
880,nan,229,nan,1,1,67,B03,F,2020-01-16,2020-01-27 10:49:48.15,1
881,nan,12,nan,1403,1454,67,A01,F,2020-01-16,2020-01-27 10:49:48.15,1454
882,nan,64,nan,207,242,67,A04,F,2020-01-16,2020-01-27 10:49:48.15,242
883,nan,17,nan,116,121,67,A01,F,2020-01-16,2020-01-27 10:49:48.15,121
884,nan,8,nan,142,149,67,A01,F,2020-01-16,2020-01-27 10:49:48.15,149
885,nan,236,nan,3,3,67,B03,F,2020-01-16,2020-01-27 10:49:48.15,3
886,nan,102,nan,1,1,67,A04,F,2020-01-16,2020-01-27 10:49:48.15,1
887,85699650.0,105,57998876.0,14,15,67,C01,F,2020-01-16,2020-01-27 10:49:48.15,15
888,nan,228,nan,7,7,67,B03,F,2020-01-16,2020-01-27 10:49:48.15,7
889,nan,52,nan,1,1,67,B03,F,2020-01-16,2020-01-27 10:49:48.15,1
890,nan,182,nan,1,1,67,B03,F,2020-01-16,2020-01-27 10:49:48.15,1
891,nan,186,nan,2,2,67,B03,F,2020-01-16,2020-01-27 10:49:48.15,2
